{
  "run_metadata": {
    "seed": 42,
    "timestamp": "2026-03-16T08:29:13.904074+00:00",
    "python_version": "3.12.9 (tags/v3.12.9:fdb8142, Feb  4 2025, 15:27:58) [MSC v.1942 64 bit (AMD64)]",
    "torch_version": "2.5.1+cu121",
    "assets": [
      "AAPL",
      "INTC",
      "META",
      "TQQQ",
      "TSLA"
    ]
  },
  "results": {
    "AAPL": {
      "roi": 0.5393779423449089,
      "sharpe": 2.2897233461126207,
      "max_drawdown": 0.15047084763448368,
      "calmar": 3.6379101560899945
    },
    "INTC": {
      "roi": 0.29563299474960625,
      "sharpe": 1.2297669370223994,
      "max_drawdown": 0.0988549255729285,
      "calmar": 3.031536336576438
    },
    "META": {
      "roi": 0.7487516598492672,
      "sharpe": 2.1627093650608304,
      "max_drawdown": 0.07707886145260996,
      "calmar": 9.867388521051726
    },
    "TQQQ": {
      "roi": 1.090106681987245,
      "sharpe": 2.1121364880828124,
      "max_drawdown": 0.2015485789542668,
      "calmar": 5.501174632548585
    },
    "TSLA": {
      "roi": -0.016629898141640297,
      "sharpe": 0.15580581085785886,
      "max_drawdown": 0.29765759147513327,
      "calmar": -0.056536649742067645
    }
  }
}