{
  "run_metadata": {
    "seed": 42,
    "timestamp": "2026-03-16T05:14:40.175317+00:00",
    "python_version": "3.12.9 (tags/v3.12.9:fdb8142, Feb  4 2025, 15:27:58) [MSC v.1942 64 bit (AMD64)]",
    "torch_version": "2.5.1+cu121",
    "assets": [
      "AAPL",
      "INTC",
      "META",
      "TQQQ",
      "TSLA"
    ]
  },
  "results": {
    "AAPL": {
      "roi": 0.296445106474469,
      "sharpe": 2.3223267246595434,
      "max_drawdown": 0.034858239666084825,
      "calmar": 8.62082451180144
    },
    "INTC": {
      "roi": 0.10314133160727924,
      "sharpe": 0.5247712635383845,
      "max_drawdown": 0.19843269989918044,
      "calmar": 0.5263586042758339
    },
    "META": {
      "roi": 0.4864726151829769,
      "sharpe": 2.29686565085989,
      "max_drawdown": 0.07492080818607441,
      "calmar": 6.5881423821177885
    },
    "TQQQ": {
      "roi": 0.6419082590058468,
      "sharpe": 1.396841021214561,
      "max_drawdown": 0.3045804360422571,
      "calmar": 2.1398180581329997
    },
    "TSLA": {
      "roi": -0.0024873392928231623,
      "sharpe": 0.18913040610377874,
      "max_drawdown": 0.4394429920278719,
      "calmar": -0.005728318647883592
    }
  }
}